/*
SQLyog 企业版 - MySQL GUI v8.14 
MySQL - 5.7.22-log : Database - mydb_02
*********************************************************************
*/

/*!40101 SET NAMES utf8 */;

/*!40101 SET SQL_MODE=''*/;

/*!40014 SET @OLD_UNIQUE_CHECKS=@@UNIQUE_CHECKS, UNIQUE_CHECKS=0 */;
/*!40014 SET @OLD_FOREIGN_KEY_CHECKS=@@FOREIGN_KEY_CHECKS, FOREIGN_KEY_CHECKS=0 */;
/*!40101 SET @OLD_SQL_MODE=@@SQL_MODE, SQL_MODE='NO_AUTO_VALUE_ON_ZERO' */;
/*!40111 SET @OLD_SQL_NOTES=@@SQL_NOTES, SQL_NOTES=0 */;
CREATE DATABASE /*!32312 IF NOT EXISTS*/`mydb_02` /*!40100 DEFAULT CHARACTER SET utf8 */;

USE `mydb_02`;

/*Table structure for table `sys_captcha` */

DROP TABLE IF EXISTS `sys_captcha`;

CREATE TABLE `sys_captcha` (
  `uuid` char(36) NOT NULL COMMENT 'uuid',
  `code` varchar(6) NOT NULL COMMENT '验证码',
  `expire_time` datetime DEFAULT NULL COMMENT '过期时间',
  PRIMARY KEY (`uuid`)
) ENGINE=InnoDB DEFAULT CHARSET=utf8 COMMENT='系统验证码';

/*Data for the table `sys_captcha` */

/*Table structure for table `sys_config` */

DROP TABLE IF EXISTS `sys_config`;

CREATE TABLE `sys_config` (
  `id` bigint(20) NOT NULL AUTO_INCREMENT,
  `param_key` varchar(50) DEFAULT NULL COMMENT 'key',
  `param_value` varchar(2000) DEFAULT NULL COMMENT 'value',
  `status` tinyint(4) DEFAULT '1' COMMENT '状态   0：隐藏   1：显示',
  `remark` varchar(500) DEFAULT NULL COMMENT '备注',
  PRIMARY KEY (`id`),
  UNIQUE KEY `param_key` (`param_key`)
) ENGINE=InnoDB AUTO_INCREMENT=2 DEFAULT CHARSET=utf8 COMMENT='系统配置信息表';

/*Data for the table `sys_config` */

insert  into `sys_config`(`id`,`param_key`,`param_value`,`status`,`remark`) values (1,'CLOUD_STORAGE_CONFIG_KEY','{\"aliyunAccessKeyId\":\"\",\"aliyunAccessKeySecret\":\"\",\"aliyunBucketName\":\"\",\"aliyunDomain\":\"\",\"aliyunEndPoint\":\"\",\"aliyunPrefix\":\"\",\"qcloudBucketName\":\"\",\"qcloudDomain\":\"\",\"qcloudPrefix\":\"\",\"qcloudSecretId\":\"\",\"qcloudSecretKey\":\"\",\"qiniuAccessKey\":\"NrgMfABZxWLo5B-YYSjoE8-AZ1EISdi1Z3ubLOeZ\",\"qiniuBucketName\":\"ios-app\",\"qiniuDomain\":\"http://7xqbwh.dl1.z0.glb.clouddn.com\",\"qiniuPrefix\":\"upload\",\"qiniuSecretKey\":\"uIwJHevMRWU0VLxFvgy0tAcOdGqasdtVlJkdy6vV\",\"type\":1}',0,'云存储配置信息');

/*Table structure for table `sys_log` */

DROP TABLE IF EXISTS `sys_log`;

CREATE TABLE `sys_log` (
  `id` bigint(20) NOT NULL AUTO_INCREMENT,
  `username` varchar(50) DEFAULT NULL COMMENT '用户名',
  `operation` varchar(50) DEFAULT NULL COMMENT '用户操作',
  `method` varchar(200) DEFAULT NULL COMMENT '请求方法',
  `params` varchar(5000) DEFAULT NULL COMMENT '请求参数',
  `time` bigint(20) NOT NULL COMMENT '执行时长(毫秒)',
  `ip` varchar(64) DEFAULT NULL COMMENT 'IP地址',
  `create_date` datetime DEFAULT NULL COMMENT '创建时间',
  PRIMARY KEY (`id`)
) ENGINE=InnoDB AUTO_INCREMENT=4 DEFAULT CHARSET=utf8 COMMENT='系统日志';

/*Data for the table `sys_log` */

insert  into `sys_log`(`id`,`username`,`operation`,`method`,`params`,`time`,`ip`,`create_date`) values (1,'admin','保存菜单','com.renjie.modules.sys.controller.SysMenuController.save()','[{\"menuId\":31,\"parentId\":1,\"name\":\"测试菜单2\",\"url\":\"/ss\",\"perms\":\"\",\"type\":1,\"icon\":\"shouye\",\"orderNum\":0}]',7214,'0:0:0:0:0:0:0:1','2018-07-29 20:50:43'),(2,NULL,NULL,'com.renjie.modules.sys.controller.SysLoginController.regiser()','[{\"username\":\"admin3\",\"password\":\"sdfsd\",\"email\":\"sfsd@qq.com\",\"mobile\":\"234234234\"}]',4022,'192.168.13.1','2018-09-02 20:57:05'),(3,NULL,'注册用户','com.renjie.modules.sys.controller.SysLoginController.regiser()','[{\"username\":\"admin5\",\"password\":\"sdfsd\",\"email\":\"sfsd@qq.com\",\"mobile\":\"234234234\"}]',15376,'192.168.13.1','2018-09-02 20:59:35');

/*Table structure for table `sys_menu` */

DROP TABLE IF EXISTS `sys_menu`;

CREATE TABLE `sys_menu` (
  `menu_id` bigint(20) NOT NULL AUTO_INCREMENT,
  `parent_id` bigint(20) DEFAULT NULL COMMENT '父菜单ID，一级菜单为0',
  `name` varchar(50) DEFAULT NULL COMMENT '菜单名称',
  `url` varchar(200) DEFAULT NULL COMMENT '菜单URL',
  `perms` varchar(500) DEFAULT NULL COMMENT '授权(多个用逗号分隔，如：user:list,user:create)',
  `type` int(11) DEFAULT NULL COMMENT '类型   0：目录   1：菜单   2：按钮',
  `icon` varchar(50) DEFAULT NULL COMMENT '菜单图标',
  `order_num` int(11) DEFAULT NULL COMMENT '排序',
  PRIMARY KEY (`menu_id`)
) ENGINE=InnoDB AUTO_INCREMENT=32 DEFAULT CHARSET=utf8 COMMENT='菜单管理';

/*Data for the table `sys_menu` */

insert  into `sys_menu`(`menu_id`,`parent_id`,`name`,`url`,`perms`,`type`,`icon`,`order_num`) values (1,0,'系统管理',NULL,NULL,0,'system',0),(2,1,'管理员列表','sys/user',NULL,1,'admin',1),(3,1,'角色管理','sys/role',NULL,1,'role',2),(4,1,'菜单管理','sys/menu',NULL,1,'menu',3),(5,1,'SQL监控','http://localhost:8080/renren-fast/druid/sql.html',NULL,1,'sql',4),(6,1,'定时任务','job/schedule',NULL,1,'job',5),(7,6,'查看',NULL,'sys:schedule:list,sys:schedule:info',2,NULL,0),(8,6,'新增',NULL,'sys:schedule:save',2,NULL,0),(9,6,'修改',NULL,'sys:schedule:update',2,NULL,0),(10,6,'删除',NULL,'sys:schedule:delete',2,NULL,0),(11,6,'暂停',NULL,'sys:schedule:pause',2,NULL,0),(12,6,'恢复',NULL,'sys:schedule:resume',2,NULL,0),(13,6,'立即执行',NULL,'sys:schedule:run',2,NULL,0),(14,6,'日志列表',NULL,'sys:schedule:log',2,NULL,0),(15,2,'查看',NULL,'sys:user:list,sys:user:info',2,NULL,0),(16,2,'新增',NULL,'sys:user:save,sys:role:select',2,NULL,0),(17,2,'修改',NULL,'sys:user:update,sys:role:select',2,NULL,0),(18,2,'删除',NULL,'sys:user:delete',2,NULL,0),(19,3,'查看',NULL,'sys:role:list,sys:role:info',2,NULL,0),(20,3,'新增',NULL,'sys:role:save,sys:menu:list',2,NULL,0),(21,3,'修改',NULL,'sys:role:update,sys:menu:list',2,NULL,0),(22,3,'删除',NULL,'sys:role:delete',2,NULL,0),(23,4,'查看',NULL,'sys:menu:list,sys:menu:info',2,NULL,0),(24,4,'新增',NULL,'sys:menu:save,sys:menu:select',2,NULL,0),(25,4,'修改',NULL,'sys:menu:update,sys:menu:select',2,NULL,0),(26,4,'删除',NULL,'sys:menu:delete',2,NULL,0),(27,1,'参数管理','sys/config','sys:config:list,sys:config:info,sys:config:save,sys:config:update,sys:config:delete',1,'config',6),(29,1,'系统日志','sys/log','sys:log:list',1,'log',7),(30,1,'文件上传','oss/oss','sys:oss:all',1,'oss',6),(31,1,'测试菜单2','/ss','',1,'shouye',0);

/*Table structure for table `sys_oauth_client_details` */

DROP TABLE IF EXISTS `sys_oauth_client_details`;

CREATE TABLE `sys_oauth_client_details` (
  `client_id` varchar(32) NOT NULL,
  `resource_ids` varchar(256) DEFAULT NULL,
  `client_secret` varchar(256) DEFAULT NULL,
  `scope` varchar(256) DEFAULT NULL,
  `authorized_grant_types` varchar(256) DEFAULT NULL,
  `web_server_redirect_uri` varchar(256) DEFAULT NULL,
  `authorities` varchar(256) DEFAULT NULL,
  `access_token_validity` int(11) DEFAULT NULL,
  `refresh_token_validity` int(11) DEFAULT NULL,
  `additional_information` varchar(4096) DEFAULT NULL,
  `autoapprove` varchar(256) DEFAULT NULL,
  PRIMARY KEY (`client_id`)
) ENGINE=InnoDB DEFAULT CHARSET=utf8mb4 ROW_FORMAT=DYNAMIC COMMENT='终端信息表';

/*Data for the table `sys_oauth_client_details` */

insert  into `sys_oauth_client_details`(`client_id`,`resource_ids`,`client_secret`,`scope`,`authorized_grant_types`,`web_server_redirect_uri`,`authorities`,`access_token_validity`,`refresh_token_validity`,`additional_information`,`autoapprove`) values ('air_client','','$2a$10$sk71hLRdUCR7Fr5TeOXnE.2biEqJMrkMHY//BOyKzEbzdwveh9UC2','server','password,refresh_token,authorization_code,client_credentials','',NULL,NULL,NULL,NULL,'true'),('app',NULL,'app','server','password,refresh_token',NULL,NULL,NULL,NULL,NULL,'true'),('daemon',NULL,'daemon','server','password,refresh_token',NULL,NULL,NULL,NULL,NULL,'true'),('gen',NULL,'gen','server','password,refresh_token',NULL,NULL,NULL,NULL,NULL,'true'),('test',NULL,'test','server','password,refresh_token',NULL,NULL,NULL,NULL,NULL,'true');

/*Table structure for table `sys_role` */

DROP TABLE IF EXISTS `sys_role`;

CREATE TABLE `sys_role` (
  `role_id` bigint(20) NOT NULL AUTO_INCREMENT,
  `role_name` varchar(100) DEFAULT NULL COMMENT '角色名称',
  `remark` varchar(100) DEFAULT NULL COMMENT '备注',
  `create_user_id` bigint(20) DEFAULT NULL COMMENT '创建者ID',
  `create_time` datetime DEFAULT NULL COMMENT '创建时间',
  PRIMARY KEY (`role_id`)
) ENGINE=InnoDB AUTO_INCREMENT=3 DEFAULT CHARSET=utf8 COMMENT='角色';

/*Data for the table `sys_role` */

insert  into `sys_role`(`role_id`,`role_name`,`remark`,`create_user_id`,`create_time`) values (1,'管理员',NULL,1,'2017-03-23 22:37:41'),(2,'普通会员',NULL,1,'2017-03-23 22:37:41');

/*Table structure for table `sys_role_menu` */

DROP TABLE IF EXISTS `sys_role_menu`;

CREATE TABLE `sys_role_menu` (
  `id` bigint(20) NOT NULL AUTO_INCREMENT,
  `role_id` bigint(20) DEFAULT NULL COMMENT '角色ID',
  `menu_id` bigint(20) DEFAULT NULL COMMENT '菜单ID',
  PRIMARY KEY (`id`)
) ENGINE=InnoDB DEFAULT CHARSET=utf8 COMMENT='角色与菜单对应关系';

/*Data for the table `sys_role_menu` */

/*Table structure for table `sys_user` */

DROP TABLE IF EXISTS `sys_user`;

CREATE TABLE `sys_user` (
  `user_id` bigint(20) NOT NULL AUTO_INCREMENT,
  `username` varchar(50) NOT NULL COMMENT '用户名',
  `password` varchar(100) DEFAULT NULL COMMENT '密码',
  `salt` varchar(20) DEFAULT NULL COMMENT '盐',
  `email` varchar(100) DEFAULT NULL COMMENT '邮箱',
  `mobile` varchar(100) DEFAULT NULL COMMENT '手机号',
  `status` tinyint(4) DEFAULT NULL COMMENT '状态  0：禁用   1：正常',
  `create_user_id` bigint(20) DEFAULT NULL COMMENT '创建者ID',
  `create_time` datetime DEFAULT NULL COMMENT '创建时间',
  PRIMARY KEY (`user_id`),
  UNIQUE KEY `username` (`username`)
) ENGINE=InnoDB AUTO_INCREMENT=27 DEFAULT CHARSET=utf8 COMMENT='系统用户';

/*Data for the table `sys_user` */

insert  into `sys_user`(`user_id`,`username`,`password`,`salt`,`email`,`mobile`,`status`,`create_user_id`,`create_time`) values (1,'admin','$2a$10$BpMivUTCetWl33tIe4gD0Oz/kfMIvw5Bnw2y9WuTITZWnLkICVUCa','YzcmCZNvbXocrsz9dm8e','398225229@qq.com','13000000000',1,1,'2016-11-11 11:11:11'),(2,'air','9ec9750e709431dad22365cabc5c625482e574c74adaebba7dd02f1129e4ce1d','YzcmCZNvbXocrsz9dm8e','398225229@qq.com','13000000000',1,1,'2016-11-11 11:11:11'),(3,'abc','9ec9750e709431dad22365cabc5c625482e574c74adaebba7dd02f1129e4ce1d','YzcmCZNvbXocrsz9dm8e','398225229@qq.com','13000000000',0,1,'2016-11-11 11:11:11'),(4,'用户名','9a7c5029e5056e5a8f6b9d4525e347bc6bda960e6bc81a1ee854a907fb9ea3c3','iAqxAOLvJhjRYDsivAnl',NULL,NULL,NULL,NULL,NULL),(6,'admin1','14c4048438e704116b9a84e3c9081ffba554ec6fc4fcf00b96dcdc3896912ab8','OAPWbTazqydGYiRrRdSV',NULL,NULL,NULL,NULL,NULL),(7,'admin2','4a4ea1cfee0742f50645f4505b63a1fdef759049b117e9bbea1b9bebbd5f510a','RnqckKRAIXdTiNCfTUkT',NULL,NULL,NULL,NULL,NULL),(8,'admin3','6c07c95689e385f735a78f512d849990939cee97aead1eb940519cabf526c1c5','WjoHEPLcVSoOghcxRkPz',NULL,NULL,NULL,NULL,NULL),(9,'admin5','4b886c4a8c5d01f95b0aacd9abb723cfb121a95503de6f2567c57027ca19ce51','MmxSHQDSoNAIboCNmLRL',NULL,NULL,NULL,NULL,NULL),(25,'苏杉杉33333','3433443',NULL,NULL,NULL,NULL,NULL,NULL),(26,'oyg','$2a$10$qLwpv9y9gNOdPZfZp5MA4eoD7TbZXt1t0tsFmCLkT/pibKwdZWE3a',NULL,NULL,NULL,NULL,NULL,NULL);

/*Table structure for table `sys_user_role` */

DROP TABLE IF EXISTS `sys_user_role`;

CREATE TABLE `sys_user_role` (
  `id` bigint(20) NOT NULL AUTO_INCREMENT,
  `user_id` bigint(20) DEFAULT NULL COMMENT '用户ID',
  `role_id` bigint(20) DEFAULT NULL COMMENT '角色ID',
  PRIMARY KEY (`id`)
) ENGINE=InnoDB AUTO_INCREMENT=7 DEFAULT CHARSET=utf8 COMMENT='用户与角色对应关系';

/*Data for the table `sys_user_role` */

insert  into `sys_user_role`(`id`,`user_id`,`role_id`) values (1,1,1),(2,4,2),(3,6,2),(4,7,2),(5,8,2),(6,9,2);

/*!40101 SET SQL_MODE=@OLD_SQL_MODE */;
/*!40014 SET FOREIGN_KEY_CHECKS=@OLD_FOREIGN_KEY_CHECKS */;
/*!40014 SET UNIQUE_CHECKS=@OLD_UNIQUE_CHECKS */;
/*!40111 SET SQL_NOTES=@OLD_SQL_NOTES */;
